title,assignees,status,priority,area,timeline,description
"MCTS: Add real resource price data from settlements",,"Todo","High","AI Systems","Short-term","Replace random price generation with actual settlement market data in MCTS decision-making"
"MCTS: Implement journey risk assessment",,"Todo","High","AI Systems","Short-term","Add risk evaluation based on area danger levels for trader decision-making"
"MCTS: Add trader personality parameters",,"Todo","Medium","AI Systems","Short-term","Implement risk-aversion and other personality traits affecting decisions"
"MCTS: Optimize simulation performance",,"Todo","Medium","AI Systems","Short-term","Add pruning techniques to improve simulation speed"
"MCTS: Add parallel implementation",,"Todo","Medium","AI Systems","Short-term","Use worker pools for parallel simulations to increase performance"
"MCTS: Create visualization tools",,"Todo","Low","AI Systems","Short-term","Add admin dashboard for visualizing decision trees"
"MCTS: Implement multi-step planning",,"Todo","High","AI Systems","Mid-term","Extend MCTS to plan multiple moves ahead instead of just next move"
"MCTS: Integrate trader journey knowledge",,"Todo","Medium","AI Systems","Mid-term","Use previous travel experiences to inform future decisions"
"MCTS: Add settlement NPC decision-making",,"Todo","Medium","AI Systems","Mid-term","Apply MCTS to settlement NPCs and political decisions"
"MCTS: Implement faction knowledge sharing",,"Todo","Medium","AI Systems","Mid-term","Allow traders from same faction to share knowledge"
"MCTS: Create generic abstraction layer",,"Todo","Low","AI Systems","Mid-term","Develop reusable MCTS components for different agent types"
"AI: Re-implement neural network value functions",,"Todo","High","AI Systems","Long-term","Create neural networks for faster state evaluation"
"AI: Build experience buffer system",,"Todo","Medium","AI Systems","Long-term","Store simulation results for asynchronous training"
"AI: Implement transfer learning",,"Todo","Medium","AI Systems","Long-term","Share knowledge between similar agent types"
"AI: Add PyTorch/TensorFlow integration",,"Todo","Medium","AI Systems","Long-term","Technical implementation of ML models"
"World: Implement settlement growth mechanics",,"Todo","High","World Simulation","Short-term","Add prosperity and trade-based settlement growth"
"World: Add building construction system",,"Todo","High","World Simulation","Short-term","Create building types and construction mechanics"
"World: Implement settlement specialization",,"Todo","Medium","World Simulation","Short-term","Add mining, farming, crafting specialties for settlements"
"World: Add seasonal changes",,"Todo","Medium","World Simulation","Short-term","Implement seasonal effects on resource production"
"World: Create building status system",,"Todo","Low","World Simulation","Short-term","Technical implementation of building construction tracking"
"World: Add dynamic area changes",,"Todo","High","World Simulation","Mid-term","Implement area evolution based on traffic and settlement influence"
"World: Create discoverable resources",,"Todo","Medium","World Simulation","Mid-term","Add hidden resources that can be found in areas"
"World: Implement player outposts",,"Todo","Medium","World Simulation","Mid-term","Allow players to build camps and outposts in areas"
"World: Create area control mechanics",,"Todo","High","World Simulation","Mid-term","Add bandits, factions controlling specific areas"
"World: Add area development tables",,"Todo","Low","World Simulation","Mid-term","Technical implementation of area control tracking"
"World: Implement cascading event system",,"Todo","High","World Simulation","Long-term","Create events affecting multiple settlements"
"World: Add weather patterns",,"Todo","Medium","World Simulation","Long-term","Implement weather affecting travel and production"
"World: Create settlement conflict simulation",,"Todo","High","World Simulation","Long-term","Add mechanics for settlement rivalries and wars"
"World: Add dynamic quest generation",,"Todo","Medium","World Simulation","Long-term","Create quests based on world state"
"World: Implement event dispatcher system",,"Todo","Low","World Simulation","Long-term","Technical implementation of event propagation"
"Player: Design skill progression system",,"Todo","High","Player Progression","Short-term","Create skill trees for character development"
"Player: Implement skill-based action success",,"Todo","High","Player Progression","Short-term","Add skill checks for player actions"
"Player: Create crafting skills and recipes",,"Todo","Medium","Player Progression","Short-term","Add crafting mechanics for players"
"Player: Add leadership skills",,"Todo","Medium","Player Progression","Short-term","Create skills for settlement management"
"Player: Design character skills database",,"Todo","Low","Player Progression","Short-term","Technical implementation of skills tracking"
"Player: Implement faction reputation",,"Todo","High","Player Progression","Mid-term","Create reputation system with multiple factions"
"Player: Add reputation-gated content",,"Todo","Medium","Player Progression","Mid-term","Gate access to special areas and resources based on reputation"
"Player: Create reputation quests",,"Todo","Medium","Player Progression","Mid-term","Add missions to improve standing with factions"
"Player: Implement NPC relationships",,"Todo","Medium","Player Progression","Mid-term","Create individual NPC relationship tracking"
"Player: Create reputation ledger",,"Todo","Low","Player Progression","Mid-term","Technical implementation of reputation changes"
"Player: Add evolving character traits",,"Todo","High","Player Progression","Long-term","Implement traits that change based on actions"
"Player: Create mentor relationships",,"Todo","Medium","Player Progression","Long-term","Allow NPCs to mentor player characters"
"Player: Implement family/lineage system",,"Todo","High","Player Progression","Long-term","Add family connections lasting across generations"
"Player: Add permadeath with legacy",,"Todo","Medium","Player Progression","Long-term","Implement permadeath with legacy benefits"
"Player: Create trait evolution system",,"Todo","Low","Player Progression","Long-term","Technical implementation of character development"
"Economy: Implement supply and demand",,"Todo","High","Economic Systems","Short-term","Create dynamic pricing based on resource availability"
"Economy: Add resource transformation",,"Todo","High","Economic Systems","Short-term","Allow raw materials to be converted to finished goods"
"Economy: Create market fluctuations",,"Todo","Medium","Economic Systems","Short-term","Add price changes based on scarcity and events"
"Economy: Implement price forecasting",,"Todo","Medium","Economic Systems","Short-term","Add predictive indicators for traders"
"Economy: Create market prices database",,"Todo","Low","Economic Systems","Short-term","Technical implementation of market system"
"Economy: Implement trade route development",,"Todo","High","Economic Systems","Mid-term","Add routes that improve with traffic"
"Economy: Add caravan mechanics",,"Todo","Medium","Economic Systems","Mid-term","Create group trader journeys"
"Economy: Implement trade route hazards",,"Todo","Medium","Economic Systems","Mid-term","Add banditry and other dangers affecting trade"
"Economy: Create trade monopolies",,"Todo","High","Economic Systems","Mid-term","Add mechanics for cornering markets"
"Economy: Design trade network database",,"Todo","Low","Economic Systems","Mid-term","Technical implementation of trade route tracking"
"Economy: Add loans and interest",,"Todo","High","Economic Systems","Long-term","Implement banking system with loans"
"Economy: Create investment mechanics",,"Todo","Medium","Economic Systems","Long-term","Allow investment in businesses and expeditions"
"Economy: Implement currency exchange",,"Todo","Medium","Economic Systems","Long-term","Add multiple currencies with exchange rates"
"Economy: Add economic crises",,"Todo","High","Economic Systems","Long-term","Create system for market crashes and opportunities"
"Economy: Implement transaction ledger",,"Todo","Low","Economic Systems","Long-term","Technical implementation of economic activity tracking"
"Combat: Implement turn-based combat",,"Todo","High","Combat & Encounters","Short-term","Create combat system for area encounters"
"Combat: Add equipment effects",,"Todo","High","Combat & Encounters","Short-term","Implement weapons and armor affecting combat"
"Combat: Create combat AI",,"Todo","Medium","Combat & Encounters","Short-term","Add intelligent combat decisions for NPCs"
"Combat: Implement group combat",,"Todo","Medium","Combat & Encounters","Short-term","Allow multiple combatants on each side"
"Combat: Create combat state machine",,"Todo","Low","Combat & Encounters","Short-term","Technical implementation of combat system"
"Combat: Add branching encounters",,"Todo","High","Combat & Encounters","Mid-term","Create complex encounters with multiple outcomes"
"Combat: Implement environmental effects",,"Todo","Medium","Combat & Encounters","Mid-term","Add terrain and weather effects on combat"
"Combat: Create stealth mechanics",,"Todo","Medium","Combat & Encounters","Mid-term","Allow avoiding combat through stealth"
"Combat: Add encounter difficulty scaling",,"Todo","High","Combat & Encounters","Mid-term","Scale encounters based on character strength"
"Combat: Design encounter definition language",,"Todo","Low","Combat & Encounters","Mid-term","Technical implementation of encounter system"
"Combat: Implement settlement sieges",,"Todo","High","Combat & Encounters","Long-term","Add mechanics for attacking settlements"
"Combat: Create unit recruitment",,"Todo","Medium","Combat & Encounters","Long-term","Allow building armies of NPCs"
"Combat: Add tactical battle resolution",,"Todo","High","Combat & Encounters","Long-term","Create detailed battle simulation"
"Combat: Implement AI campaign planning",,"Todo","Medium","Combat & Encounters","Long-term","Add strategic planning for AI factions"
"Combat: Create layered simulation system",,"Todo","Low","Combat & Encounters","Long-term","Technical implementation of warfare system"
"Tech: Add caching for frequent data",,"Todo","High","Technical Infrastructure","Short-term","Implement Redis caching for performance"
"Tech: Optimize database queries",,"Todo","High","Technical Infrastructure","Short-term","Add proper indexing and query optimization"
"Tech: Implement bulk operations",,"Todo","Medium","Technical Infrastructure","Short-term","Use bulk operations for simulation steps"
"Tech: Add connection pooling",,"Todo","Medium","Technical Infrastructure","Short-term","Optimize database connections"
"Tech: Create background task monitoring",,"Todo","Low","Technical Infrastructure","Short-term","Add metrics for task performance"
"Tech: Implement sharded worlds",,"Todo","High","Technical Infrastructure","Mid-term","Create horizontal scaling for multiple worlds"
"Tech: Add read replicas",,"Todo","Medium","Technical Infrastructure","Mid-term","Create database replicas for analytics"
"Tech: Implement message queue",,"Todo","High","Technical Infrastructure","Mid-term","Add Kafka/RabbitMQ for better task distribution"
"Tech: Add API rate limiting",,"Todo","Medium","Technical Infrastructure","Mid-term","Implement rate limits for API endpoints"
"Tech: Create API documentation",,"Todo","Low","Technical Infrastructure","Mid-term","Add comprehensive API docs"
"Tech: Set up CI/CD pipeline",,"Todo","High","Technical Infrastructure","Long-term","Implement automated testing and deployment"
"Tech: Add monitoring and alerting",,"Todo","High","Technical Infrastructure","Long-term","Create system health monitoring"
"Tech: Implement environment separation",,"Todo","Medium","Technical Infrastructure","Long-term","Create dev/staging/production environments"
"Tech: Add blue/green deployments",,"Todo","Medium","Technical Infrastructure","Long-term","Implement zero-downtime deployments"
"Tech: Containerize application",,"Todo","Low","Technical Infrastructure","Long-term","Use Docker and Kubernetes"
"Frontend: Create interactive world map",,"Todo","High","Frontend Improvements","Short-term","Implement map with settlements and traders"
"Frontend: Add detailed settlement view",,"Todo","High","Frontend Improvements","Short-term","Create UI for buildings and population"
"Frontend: Implement character sheet",,"Todo","Medium","Frontend Improvements","Short-term","Add skills and inventory visualization"
"Frontend: Create trader journey visualization",,"Todo","Medium","Frontend Improvements","Short-term","Add UI for tracking trader progress"
"Frontend: Design reusable components",,"Todo","Low","Frontend Improvements","Short-term","Create component library"
"Frontend: Implement marketplace UI",,"Todo","High","Frontend Improvements","Mid-term","Create buy/sell interface"
"Frontend: Add price charts",,"Todo","Medium","Frontend Improvements","Mid-term","Implement historical price visualization"
"Frontend: Create inventory management",,"Todo","High","Frontend Improvements","Mid-term","Add drag-drop inventory interface"
"Frontend: Implement trade agreements UI",,"Todo","Medium","Frontend Improvements","Mid-term","Create contract management interface"
"Frontend: Add responsive design",,"Todo","Low","Frontend Improvements","Mid-term","Ensure mobile compatibility"
"Frontend: Create world editor",,"Todo","High","Frontend Improvements","Long-term","Add tools for game masters"
"Frontend: Implement analytics dashboard",,"Todo","High","Frontend Improvements","Long-term","Create economic monitoring tools"
"Frontend: Add player activity monitoring",,"Todo","Medium","Frontend Improvements","Long-term","Create tools for tracking player actions"
"Frontend: Create scenario builder",,"Todo","Medium","Frontend Improvements","Long-term","Add tools for creating game scenarios"
"Frontend: Implement admin permissions",,"Todo","Low","Frontend Improvements","Long-term","Add role-based access control"